R.FileName,maxLFQ_post_calculation_normalization_factor
20230314_TIMS1_SM...0ng_R1_S1-A5_1_6354,1.0831346072533419
20230314_TIMS1_SM...0ng_R1_S1-E5_1_6362,0.9594830668441117
20230314_TIMS1_SM...0ng_R2_S1-B5_1_6355,1.1201324410206563
20230314_TIMS1_SM...0ng_R2_S1-F5_1_6363,0.9386229075910587
20230314_TIMS1_SM...0ng_R3_S1-C5_1_6356,1.044852259799359
20230314_TIMS1_SM...0ng_R3_S1-G5_1_6364,0.9128308094655649
20230314_TIMS1_SM...0ng_R4_S1-D5_1_6357,1.0593939897596
20230314_TIMS1_SM...0ng_R4_S1-H5_1_6365,0.9437846520909853
