R.FileName,R.Condition,MC_0,MC_1,MC_2,total_peptide_count,MC_peptide_count,MC_percentage
20230314_TIMS1_SM...0ng_R1_S1-A5_1_6354,HYE mix A,753,111,6,870,117,13.448275862068964
20230314_TIMS1_SM...0ng_R2_S1-B5_1_6355,HYE mix A,740,108,6,854,114,13.348946135831383
20230314_TIMS1_SM...0ng_R3_S1-C5_1_6356,HYE mix A,752,113,6,871,119,13.662456946039036
20230314_TIMS1_SM...0ng_R4_S1-D5_1_6357,HYE mix A,737,105,5,847,110,12.987012987012985
20230314_TIMS1_SM...0ng_R1_S1-E5_1_6362,HYE mix B,766,113,6,885,119,13.446327683615818
20230314_TIMS1_SM...0ng_R2_S1-F5_1_6363,HYE mix B,758,109,6,873,115,13.172966781214205
20230314_TIMS1_SM...0ng_R3_S1-G5_1_6364,HYE mix B,764,110,6,880,116,13.18181818181818
20230314_TIMS1_SM...0ng_R4_S1-H5_1_6365,HYE mix B,766,111,6,883,117,13.250283125707815
