R.FileName,R.Condition,R.Replicate,MedianNormalizationFactor,normalization_outlier
20230314_TIMS1_SM...0ng_R1_S1-A5_1_6354,HYE mix A,1,0.9178290287488738,no
20230314_TIMS1_SM...0ng_R2_S1-B5_1_6355,HYE mix A,2,0.9835677249285008,no
20230314_TIMS1_SM...0ng_R3_S1-C5_1_6356,HYE mix A,3,0.9404099227964604,no
20230314_TIMS1_SM...0ng_R4_S1-D5_1_6357,HYE mix A,4,1.0472423971681386,no
20230314_TIMS1_SM...0ng_R1_S1-E5_1_6362,HYE mix B,1,1.001187361931612,no
20230314_TIMS1_SM...0ng_R2_S1-F5_1_6363,HYE mix B,2,1.0229441926122493,no
20230314_TIMS1_SM...0ng_R3_S1-G5_1_6364,HYE mix B,3,0.9854795094092472,no
20230314_TIMS1_SM...0ng_R4_S1-H5_1_6365,HYE mix B,4,0.9929649434523216,no
