R.FileName,maxLFQ_post_calculation_normalization_factor
20230222_Exp...anual_MixA_TR1,1.0879181168835812
20230222_Exp...anual_MixA_TR2,1.0866590585004585
20230222_Exp...anual_MixA_TR3,1.0817097037798304
20230222_Exp...anual_MixA_TR4,1.0727337679116196
20230222_Exp...anual_MixB_TR1,0.9193741963826709
20230222_Exp...anual_MixB_TR2,0.9190567554889758
20230222_Exp...anual_MixB_TR3,0.9102643041491465
20230222_Exp...anual_MixB_TR4,0.9258022101846416
